{
    "034215141": "{\"rating\":3,\"elapsed_days\":229.68314820601853,\"scheduled_days\":168,\"review\":\"20241030034207975\",\"state\":2}",
    "045704498": "{\"rating\":3,\"elapsed_days\":204.81124497685184,\"scheduled_days\":365,\"review\":\"20241030045648858\",\"state\":2}"
}